{"Loss": 4.834522724151611, "_timestamp": 1712986556.2331765, "_runtime": 512.1764144897461, "_step": 937}