{"Loss": 4.062980651855469, "_timestamp": 1713001972.1289635, "_runtime": 1957.3343994617462, "_step": 4276}