{"Loss": 0.3413979113101959, "_timestamp": 1712905702.0474396, "_runtime": 2176.542375564575, "_step": 9079, "Val_Loss": 1.903408020734787}