{"Loss": 3.470071792602539, "_timestamp": 1712892447.2758577, "_runtime": 329.1317677497864, "_step": 1362, "Val_Loss": 3.633445732295513}