{"Loss": 3.7670133113861084, "_timestamp": 1712885890.1948307, "_runtime": 134.65343570709229, "_step": 538, "_wandb": {"runtime": 169}}