{"Loss": 2.058408260345459, "_timestamp": 1712890252.85787, "_runtime": 1649.765720129013, "_step": 7026, "Val_Loss": 3.2296969890594482, "_wandb": {"runtime": 1649}}