{"Loss": 5.640501022338867, "_timestamp": 1712889031.2246876, "_runtime": 25.29245948791504, "_step": 33, "_wandb": {"runtime": 44}}