{"Loss": 0.14852042496204376, "_timestamp": 1712892514.4988267, "_runtime": 2108.8464426994324, "_step": 9405, "Val_Loss": 1.9128859043121338}