{"Loss": 2.6724159717559814, "_timestamp": 1712999970.338815, "_runtime": 13107.953881978989, "_step": 24497, "Val_Loss": 2.7062351734112626}