{"Loss": 3.7025058269500732, "_timestamp": 1712885373.9575944, "_runtime": 223.32908844947815, "_step": 906, "_wandb": {"runtime": 224}}