{"Loss": 3.111123561859131, "_timestamp": 1713001950.9249604, "_runtime": 2130.511748313904, "_step": 4297}