{"Loss": 3.7618398666381836, "_timestamp": 1712886152.61635, "_runtime": 222.07077884674072, "_step": 906, "_wandb": {"runtime": 240}}