{"Loss": 1.7160277366638184, "_timestamp": 1712888474.6019113, "_runtime": 2224.5416402816772, "_step": 8864, "Val_Loss": 3.223783016204834, "_wandb": {"runtime": 2344}}