{"Loss": 3.1499269008636475, "_timestamp": 1712978405.6549852, "_runtime": 219.80556917190552, "_step": 906, "_wandb": {"runtime": 241}}