{"Loss": 3.9727535247802734, "_timestamp": 1712981992.9518414, "_runtime": 61.68322443962097, "_step": 235, "_wandb": {"runtime": 62}}