{"Loss": 0.25607314705848694, "_timestamp": 1712891712.320357, "_runtime": 2294.6695091724396, "_step": 9894, "Val_Loss": 1.9676547050476074, "_wandb": {"runtime": 2296}}