{"Loss": 0.3522430658340454, "_timestamp": 1712980524.8463683, "_runtime": 1974.421468257904, "_step": 7692, "Val_Loss": 2.3883103281259537, "_wandb": {"runtime": 2145}}