{"Loss": 0.6740787029266357, "_timestamp": 1712983445.828373, "_runtime": 1416.304125070572, "_step": 5587, "Val_Loss": 1.7331236749887466}