{"Loss": 0.7003892660140991, "_timestamp": 1712981320.8040876, "_runtime": 293.5122585296631, "_step": 1151, "Val_Loss": 0.9084486942738295, "_wandb": {"runtime": 311}}